config,avg_cost,std_cost,competitive_ratio,confidence_interval,execution_time,convergence_achieved,sample_size_used,detailed_stats,scenario_classification,scenario_name,scenario_type
"{'algorithm_name': 'original_adaptive', 'algorithm_params': {}, 'scenario_params': {'b1': 10, 'b2': 100, 'B': 50, 'd1': 10, 'd2': 100}, 'num_simulations': 100000, 'confidence_level': 0.95, 'enable_parallel': True, 'random_seed': None}",59.9799,12.651685895168281,1.199598,"(np.float64(59.90148413811622), np.float64(60.058315861883784))",0.57192063331604,True,100000,"{'mean': 59.9799, 'std': 12.651685895168281, 'median': 56.0, 'q25': 54.0, 'q75': 60.0, 'min': 52.0, 'max': 110.0, 'skewness': 3.3563678529389476, 'kurtosis': 10.532155535311826, 'coefficient_of_variation': 0.2109320938375736}",combo_optimal,combo_optimal_scenario,combo_optimal
"{'algorithm_name': 'enhanced_multi_factor', 'algorithm_params': {'adaptive_strategy': 'multi_factor'}, 'scenario_params': {'b1': 10, 'b2': 100, 'B': 50, 'd1': 10, 'd2': 100}, 'num_simulations': 100000, 'confidence_level': 0.95, 'enable_parallel': True, 'random_seed': None}",80.74288,27.21845089834467,1.6148576,[80.5744275  80.91132575],52.28610134124756,False,100000,"{'mean': 80.74288, 'std': 27.21845089834467, 'median': 70.0, 'q25': 58.0, 'q75': 120.0, 'min': 52.0, 'max': 120.0, 'skewness': 0.594799783316115, 'kurtosis': -1.3686245047484311, 'coefficient_of_variation': 0.3371003226333352, 'alpha_mean': 1.978368, 'alpha_std': 4.440892098500626e-16, 'alpha_min': 1.9783680000000003, 'alpha_max': 1.9783680000000003, 'avg_guard_activations': 5.46997, 'avg_decision_points': 11.62585, 'guard_activation_rate': np.float64(0.4705006515652619)}",combo_optimal,combo_optimal_scenario,combo_optimal
"{'algorithm_name': 'enhanced_theoretical_optimal', 'algorithm_params': {'adaptive_strategy': 'theoretical_optimal'}, 'scenario_params': {'b1': 10, 'b2': 100, 'B': 50, 'd1': 10, 'd2': 100}, 'num_simulations': 100000, 'confidence_level': 0.95, 'enable_parallel': True, 'random_seed': None}",74.90448,26.004501070576225,1.4980896000000001,[74.7432085 75.0653315],52.67095232009888,False,100000,"{'mean': 74.90448, 'std': 26.004501070576225, 'median': 64.0, 'q25': 54.0, 'q75': 80.0, 'min': 52.0, 'max': 120.0, 'skewness': 0.9696258173416585, 'kurtosis': -0.7149730637587197, 'coefficient_of_variation': 0.34716883516948815, 'alpha_mean': 2.75, 'alpha_std': 0.0, 'alpha_min': 2.75, 'alpha_max': 2.75, 'avg_guard_activations': 3.98044, 'avg_decision_points': 9.67011, 'guard_activation_rate': np.float64(0.41162303220956126)}",combo_optimal,combo_optimal_scenario,combo_optimal
"{'algorithm_name': 'original_adaptive', 'algorithm_params': {}, 'scenario_params': {'b1': 10, 'b2': 50, 'B': 100, 'd1': 20, 'd2': 60}, 'num_simulations': 100000, 'confidence_level': 0.95, 'enable_parallel': True, 'random_seed': None}",74.40756,1.9412972071272343,1.240126,"(np.float64(74.39552773055142), np.float64(74.41959226944859))",0.6498763561248779,True,100000,"{'mean': 74.40756, 'std': 1.9412972071272343, 'median': 74.0, 'q25': 73.0, 'q75': 76.0, 'min': 71.0, 'max': 80.0, 'skewness': 0.2213421007481322, 'kurtosis': -0.5550797336166116, 'coefficient_of_variation': 0.0260900533108092}",individual_optimal,individual_optimal_scenario,individual_optimal
"{'algorithm_name': 'enhanced_multi_factor', 'algorithm_params': {'adaptive_strategy': 'multi_factor'}, 'scenario_params': {'b1': 10, 'b2': 50, 'B': 100, 'd1': 20, 'd2': 60}, 'num_simulations': 100000, 'confidence_level': 0.95, 'enable_parallel': True, 'random_seed': None}",76.32592,2.8034721603040755,1.2720986666666667,[76.30866   76.3430205],52.49347543716431,True,100000,"{'mean': 76.32592, 'std': 2.8034721603040755, 'median': 77.0, 'q25': 74.0, 'q75': 79.0, 'min': 71.0, 'max': 80.0, 'skewness': -0.3602562601781058, 'kurtosis': -1.049498290218534, 'coefficient_of_variation': 0.0367302766911172, 'alpha_mean': 0.42112000000000005, 'alpha_std': 5.551115123125783e-17, 'alpha_min': 0.42112, 'alpha_max': 0.42112, 'avg_guard_activations': 0.0, 'avg_decision_points': 6.32592, 'guard_activation_rate': np.float64(0.0)}",individual_optimal,individual_optimal_scenario,individual_optimal
"{'algorithm_name': 'enhanced_theoretical_optimal', 'algorithm_params': {'adaptive_strategy': 'theoretical_optimal'}, 'scenario_params': {'b1': 10, 'b2': 50, 'B': 100, 'd1': 20, 'd2': 60}, 'num_simulations': 100000, 'confidence_level': 0.95, 'enable_parallel': True, 'random_seed': None}",76.30606,2.8038308216438455,1.2717676666666666,[76.28887975 76.3234505 ],53.20754957199097,True,100000,"{'mean': 76.30606, 'std': 2.8038308216438455, 'median': 77.0, 'q25': 74.0, 'q75': 79.0, 'min': 71.0, 'max': 80.0, 'skewness': -0.34396036491768467, 'kurtosis': -1.0659136487508214, 'coefficient_of_variation': 0.03674453669399056, 'alpha_mean': 0.63, 'alpha_std': 0.0, 'alpha_min': 0.63, 'alpha_max': 0.63, 'avg_guard_activations': 0.0, 'avg_decision_points': 6.30606, 'guard_activation_rate': np.float64(0.0)}",individual_optimal,individual_optimal_scenario,individual_optimal
"{'algorithm_name': 'original_adaptive', 'algorithm_params': {}, 'scenario_params': {'b1': 50, 'b2': 100, 'B': 80, 'd1': 5, 'd2': 10}, 'num_simulations': 100000, 'confidence_level': 0.95, 'enable_parallel': True, 'random_seed': None}",15.0,0.0,1.0,"(np.float64(nan), np.float64(nan))",0.7569200992584229,True,100000,"{'mean': 15.0, 'std': 0.0, 'median': 15.0, 'q25': 15.0, 'q75': 15.0, 'min': 15.0, 'max': 15.0, 'skewness': nan, 'kurtosis': nan, 'coefficient_of_variation': 0.0}",pure_rental_optimal,pure_rental_scenario,pure_rental_optimal
"{'algorithm_name': 'enhanced_multi_factor', 'algorithm_params': {'adaptive_strategy': 'multi_factor'}, 'scenario_params': {'b1': 50, 'b2': 100, 'B': 80, 'd1': 5, 'd2': 10}, 'num_simulations': 100000, 'confidence_level': 0.95, 'enable_parallel': True, 'random_seed': None}",15.0,0.0,1.0,[15. 15.],54.494702100753784,False,100000,"{'mean': 15.0, 'std': 0.0, 'median': 15.0, 'q25': 15.0, 'q75': 15.0, 'min': 15.0, 'max': 15.0, 'skewness': nan, 'kurtosis': nan, 'coefficient_of_variation': 0.0, 'alpha_mean': 2.1374999999999997, 'alpha_std': 0.0, 'alpha_min': 2.1374999999999997, 'alpha_max': 2.1374999999999997, 'avg_guard_activations': 2.54862, 'avg_decision_points': 10.0, 'guard_activation_rate': np.float64(0.25486200000000003)}",pure_rental_optimal,pure_rental_scenario,pure_rental_optimal
"{'algorithm_name': 'enhanced_theoretical_optimal', 'algorithm_params': {'adaptive_strategy': 'theoretical_optimal'}, 'scenario_params': {'b1': 50, 'b2': 100, 'B': 80, 'd1': 5, 'd2': 10}, 'num_simulations': 100000, 'confidence_level': 0.95, 'enable_parallel': True, 'random_seed': None}",15.0,0.0,1.0,[15. 15.],55.896804332733154,False,100000,"{'mean': 15.0, 'std': 0.0, 'median': 15.0, 'q25': 15.0, 'q75': 15.0, 'min': 15.0, 'max': 15.0, 'skewness': nan, 'kurtosis': nan, 'coefficient_of_variation': 0.0, 'alpha_mean': 1.59375, 'alpha_std': 0.0, 'alpha_min': 1.59375, 'alpha_max': 1.59375, 'avg_guard_activations': 1.71704, 'avg_decision_points': 10.0, 'guard_activation_rate': np.float64(0.171704)}",pure_rental_optimal,pure_rental_scenario,pure_rental_optimal
"{'algorithm_name': 'original_adaptive', 'algorithm_params': {}, 'scenario_params': {'b1': 20, 'b2': 40, 'B': 55, 'd1': 25, 'd2': 30}, 'num_simulations': 100000, 'confidence_level': 0.95, 'enable_parallel': True, 'random_seed': None}",54.41843,1.068572101030155,1.0883686,"(np.float64(54.4118069299221), np.float64(54.4250530700779))",0.8713452816009521,True,100000,"{'mean': 54.41843, 'std': 1.068572101030155, 'median': 55.0, 'q25': 54.0, 'q75': 55.0, 'min': 51.0, 'max': 55.0, 'skewness': -1.7879992118212285, 'kurtosis': 2.1089705212911634, 'coefficient_of_variation': 0.019636217013797624}",individual_optimal,mixed_scenario,mixed_optimal
"{'algorithm_name': 'enhanced_multi_factor', 'algorithm_params': {'adaptive_strategy': 'multi_factor'}, 'scenario_params': {'b1': 20, 'b2': 40, 'B': 55, 'd1': 25, 'd2': 30}, 'num_simulations': 100000, 'confidence_level': 0.95, 'enable_parallel': True, 'random_seed': None}",62.14269,5.612415662074576,1.2428538,[62.10791975 62.17702075],52.869596004486084,True,100000,"{'mean': 62.14269, 'std': 5.612415662074576, 'median': 63.0, 'q25': 58.0, 'q75': 67.0, 'min': 51.0, 'max': 70.0, 'skewness': -0.3441729306213117, 'kurtosis': -1.035288644967991, 'coefficient_of_variation': 0.09031497770815161, 'alpha_mean': 1.2672727272727273, 'alpha_std': 2.220446049250313e-16, 'alpha_min': 1.267272727272727, 'alpha_max': 1.267272727272727, 'avg_guard_activations': 0.06907, 'avg_decision_points': 12.14269, 'guard_activation_rate': np.float64(0.005688195943402986)}",individual_optimal,mixed_scenario,mixed_optimal
"{'algorithm_name': 'enhanced_theoretical_optimal', 'algorithm_params': {'adaptive_strategy': 'theoretical_optimal'}, 'scenario_params': {'b1': 20, 'b2': 40, 'B': 55, 'd1': 25, 'd2': 30}, 'num_simulations': 100000, 'confidence_level': 0.95, 'enable_parallel': True, 'random_seed': None}",62.14493,5.617564000089362,1.2428986,[62.11071875 62.180262  ],53.25330448150635,False,100000,"{'mean': 62.14493, 'std': 5.617564000089362, 'median': 63.0, 'q25': 58.0, 'q75': 67.0, 'min': 51.0, 'max': 70.0, 'skewness': -0.34840049515577876, 'kurtosis': -1.0397753408244514, 'coefficient_of_variation': 0.09039456638038472, 'alpha_mean': 1.0909090909090902, 'alpha_std': 6.661338147750939e-16, 'alpha_min': 1.0909090909090908, 'alpha_max': 1.0909090909090908, 'avg_guard_activations': 0.0, 'avg_decision_points': 12.14493, 'guard_activation_rate': np.float64(0.0)}",individual_optimal,mixed_scenario,mixed_optimal
